Organization,Followed On
Ambula,Mon Mar 20 10:56:56 UTC 2023
GDG Cloud Bhubaneswar,Sat Sep 24 18:20:04 UTC 2022
Impetus,Thu Sep 01 10:14:46 UTC 2022
Ravenshaw University,Thu Mar 17 17:07:32 UTC 2022
NinthSem Placements,Mon Feb 14 02:47:43 UTC 2022
Infosys,Thu Sep 30 05:31:11 UTC 2021
Yomi Gulumsemek Pvt. Ltd.,Thu Aug 12 12:57:16 UTC 2021
Deloitte,Tue Jun 22 19:05:33 UTC 2021
HCLTech,Wed Jun 02 15:09:32 UTC 2021
Amdocs,Sat May 22 03:18:10 UTC 2021
Belong Education (Previously InternIn),Wed May 12 04:10:02 UTC 2021
All Active Jobs,Wed May 12 02:52:31 UTC 2021
Oracle,Sat May 08 06:21:28 UTC 2021
Career For Freshers,Sat May 08 05:34:21 UTC 2021
Fresher Jobs,Sat May 08 05:34:19 UTC 2021
Jobs for Freshers &  Experienced,Sat May 08 05:34:15 UTC 2021
Latest Job Updates For Freshers and Experienced,Sat May 08 05:34:13 UTC 2021
NielsenIQ,Wed May 05 17:49:52 UTC 2021
Wipro PARI,Wed May 05 14:43:29 UTC 2021
Testing Labs,Mon Apr 12 05:36:38 UTC 2021
Dell Technologies,Mon Feb 01 22:21:56 UTC 2021
Enrich Buildcon,Mon Jan 25 15:34:34 UTC 2021
Clout Fitness ,Tue Jan 05 14:27:28 UTC 2021
Mackenzy Digital Media,Thu Dec 10 12:32:43 UTC 2020
YourStory Media,Fri Dec 04 18:42:44 UTC 2020
Unschool ,Mon Nov 09 17:22:01 UTC 2020
International MUN ,Mon Nov 09 16:51:10 UTC 2020
InternMind,Mon Nov 09 16:51:07 UTC 2020
Internshala,Mon Nov 09 16:51:04 UTC 2020
Tashukeru,Mon Nov 02 15:01:12 UTC 2020
Ennoble Technologies,Sun Nov 01 19:43:01 UTC 2020
Osmosys Software Solutions,Wed Oct 14 03:32:07 UTC 2020
GitHub,Mon Oct 12 18:14:44 UTC 2020
NinthSem,Mon Nov 09 17:21:56 UTC 2020
Minosha India Ltd ,Mon May 04 18:41:17 UTC 2020
National Aluminium Company Limited,Thu Aug 22 14:31:15 UTC 2019
Capgemini,Tue Apr 23 14:36:08 UTC 2019
National Aluminium Company Limited - NALCO,Tue Jan 08 06:23:26 UTC 2019
Odisha Jobs,Sun Nov 05 02:21:01 UTC 2017
Utkal University,Wed Sep 13 14:07:35 UTC 2017
Mindfire Solutions,Thu Mar 30 08:42:26 UTC 2017
State Bank of India,Thu Dec 01 17:13:48 UTC 2016
Ricoh India Ltd,Sun Oct 30 03:45:08 UTC 2016
Cognizant,Thu Aug 04 11:32:07 UTC 2016
Tata Consultancy Services,Thu Aug 04 11:31:34 UTC 2016
Wipro,Thu Aug 04 11:30:38 UTC 2016
AT&T,Thu Aug 04 11:30:12 UTC 2016
IBM,Thu Aug 04 11:29:37 UTC 2016
Dell,Thu Aug 04 11:29:35 UTC 2016
Hewlett Packard Enterprise,Thu Aug 04 11:29:33 UTC 2016
Microsoft,Thu Aug 04 11:29:30 UTC 2016
Vedanta Resources Limited,Thu Aug 04 11:27:23 UTC 2016
Larsen & Toubro,Thu Aug 04 11:26:26 UTC 2016
Tech Mahindra,Thu Aug 04 11:25:23 UTC 2016
Bajaj Allianz General Insurance,Sat Dec 06 15:07:54 UTC 2014
Hi-Tech the School of Cosmetology a Paul Mitchell Partner School,Wed Aug 13 17:10:08 UTC 2014
Paul Mueller Company,Wed Aug 13 17:10:07 UTC 2014
Studio PBA,Wed Aug 13 17:10:07 UTC 2014
Paul's TV,Wed Aug 13 17:10:07 UTC 2014